{"epoch/loss": 1.6094379425048828, "epoch/accuracy": 0.6949999928474426, "epoch/epoch": 29, "epoch/learning_rate": 0.0008847358985804021, "_timestamp": 1671109680.0239055, "_runtime": 205.06464648246765, "_step": 29, "_wandb": {"runtime": 224}}