{"epoch/loss": 4.023595333099365, "epoch/accuracy": 0.6949999928474426, "epoch/epoch": 19, "epoch/learning_rate": 9.999999747378752e-05, "_timestamp": 1671107276.1393123, "_runtime": 133.84017324447632, "_step": 19, "_wandb": {"runtime": 152}}