{"epoch/loss": 0.29290127754211426, "epoch/accuracy": 0.8433333039283752, "epoch/epoch": 39, "epoch/learning_rate": 0.0009215999743901193, "_timestamp": 1671113514.9707818, "_runtime": 260.8266398906708, "_step": 39, "_wandb": {"runtime": 279}}