{"epoch/loss": 0.4094829261302948, "epoch/accuracy": 0.778333306312561, "epoch/epoch": 29, "epoch/learning_rate": 0.0010000000474974513, "_timestamp": 1671108238.4358907, "_runtime": 195.54528164863586, "_step": 29, "_wandb": {"runtime": 215}}