{"epoch/loss": 2.682396650314331, "epoch/accuracy": 0.6949999928474426, "epoch/epoch": 10, "epoch/learning_rate": 0.0010000000474974513, "_timestamp": 1671111748.883484, "_runtime": 83.94904398918152, "_step": 10, "_wandb": {"runtime": 83}}