{"epoch/loss": 0.21403178572654724, "epoch/accuracy": 0.9353049993515015, "epoch/val_loss": 0.1379125714302063, "epoch/val_accuracy": 0.9661017060279846, "epoch/epoch": 39, "epoch/learning_rate": 0.0008099999977275729, "_timestamp": 1671439615.32637, "_runtime": 262.5420711040497, "_step": 39, "_wandb": {"runtime": 280}}