{"epoch/loss": 0.2966083288192749, "epoch/accuracy": 0.8366666436195374, "epoch/epoch": 29, "epoch/learning_rate": 0.0009215999743901193, "_timestamp": 1671112162.1089072, "_runtime": 194.2142391204834, "_step": 29, "_wandb": {"runtime": 212}}