{"epoch/loss": 0.27701306343078613, "epoch/accuracy": 0.8633333444595337, "epoch/epoch": 39, "epoch/learning_rate": 0.0009215999743901193, "_timestamp": 1671113816.7586274, "_runtime": 258.5650634765625, "_step": 39, "_wandb": {"runtime": 276}}