{"epoch/loss": 0.45066502690315247, "epoch/accuracy": 0.7523105144500732, "epoch/val_loss": 0.46140986680984497, "epoch/val_accuracy": 0.7627118825912476, "epoch/epoch": 44, "epoch/learning_rate": 6.560998735949397e-05, "_timestamp": 1671524528.9161985, "_runtime": 280.4790234565735, "_step": 44, "_wandb": {"runtime": 282}}