{"epoch/loss": 0.2796126902103424, "epoch/accuracy": 0.8833333253860474, "epoch/epoch": 29, "epoch/learning_rate": 0.0009215999743901193, "_timestamp": 1671113160.9457178, "_runtime": 201.44788789749146, "_step": 29, "_wandb": {"runtime": 220}}