{"epoch/loss": 0.3741738498210907, "epoch/accuracy": 0.8216666579246521, "epoch/epoch": 19, "epoch/learning_rate": 0.0010000000474974513, "_timestamp": 1671107857.2837312, "_runtime": 134.94971632957458, "_step": 19, "_wandb": {"runtime": 153}}