{"epoch/loss": 2.682396173477173, "epoch/accuracy": 0.6949999928474426, "epoch/epoch": 3, "epoch/learning_rate": 0.0010000000474974513, "_timestamp": 1671111815.565035, "_runtime": 42.27966499328613, "_step": 3, "_wandb": {"runtime": 42}}