{"epoch/loss": 4.023594379425049, "epoch/accuracy": 0.6949999928474426, "epoch/epoch": 8, "epoch/learning_rate": 0.0010000000474974513, "_timestamp": 1671109914.6185112, "_runtime": 70.36234021186829, "_step": 8, "_wandb": {"runtime": 73}}