{"epoch/loss": 0.2282271534204483, "epoch/accuracy": 0.9016666412353516, "epoch/epoch": 29, "epoch/learning_rate": 0.0009215999743901193, "_timestamp": 1671110617.3662553, "_runtime": 200.5764582157135, "_step": 29, "_wandb": {"runtime": 219}}