{"epoch/loss": 0.18056119978427887, "epoch/accuracy": 0.9200000166893005, "epoch/epoch": 39, "epoch/learning_rate": 0.0009215999743901193, "_timestamp": 1671114129.4143434, "_runtime": 260.9458062648773, "_step": 39, "_wandb": {"runtime": 279}}