{"epoch/loss": 0.5326375365257263, "epoch/accuracy": 0.6950092315673828, "epoch/val_loss": 0.49534595012664795, "epoch/val_accuracy": 0.694915235042572, "epoch/epoch": 44, "epoch/learning_rate": 0.0006560998735949397, "_timestamp": 1671522024.7944186, "_runtime": 277.887220621109, "_step": 44, "_wandb": {"runtime": 280}}