{"epoch/loss": 0.6443215608596802, "epoch/accuracy": 0.753333330154419, "epoch/epoch": 9, "epoch/learning_rate": 0.0010000000474974513, "_timestamp": 1671105854.339648, "_runtime": 82.52388000488281, "_step": 9, "_wandb": {"runtime": 100}}