{"epoch/loss": 0.2102079838514328, "epoch/accuracy": 0.9016666412353516, "epoch/epoch": 29, "epoch/learning_rate": 0.0008847358985804021, "_timestamp": 1671110181.13968, "_runtime": 204.33726501464844, "_step": 29, "_wandb": {"runtime": 223}}