{"epoch/loss": 1.6094379425048828, "epoch/accuracy": 0.6949999928474426, "epoch/epoch": 6, "epoch/learning_rate": 0.0010000000474974513, "_timestamp": 1671109799.8494284, "_runtime": 62.26624846458435, "_step": 6, "_wandb": {"runtime": 64}}