{"epoch/loss": 4.023594856262207, "epoch/accuracy": 0.6949999928474426, "epoch/epoch": 19, "epoch/learning_rate": 0.0010000000474974513, "_timestamp": 1671107090.1693459, "_runtime": 132.71013283729553, "_step": 19, "_wandb": {"runtime": 152}}