{"epoch/loss": NaN, "epoch/accuracy": 0.6949999928474426, "epoch/epoch": 9, "epoch/learning_rate": 0.009999999776482582, "_timestamp": 1671100168.1572323, "_runtime": 76.22587633132935, "_step": 9, "_wandb": {"runtime": 95}}