{"epoch/loss": 2.0117971897125244, "epoch/accuracy": 0.6949999928474426, "epoch/epoch": 3, "epoch/learning_rate": 0.0010000000474974513, "_timestamp": 1671111908.7452946, "_runtime": 42.12507963180542, "_step": 3, "_wandb": {"runtime": 45}}