{"epoch/loss": 1.6094379425048828, "epoch/accuracy": 0.6949999928474426, "epoch/epoch": 9, "epoch/learning_rate": 0.0010000000474974513, "_timestamp": 1671108006.1718009, "_runtime": 75.88876390457153, "_step": 9, "_wandb": {"runtime": 76}}