{"epoch/loss": 0.09780911356210709, "epoch/accuracy": 0.9766666889190674, "epoch/epoch": 29, "epoch/learning_rate": 0.0010000000474974513, "_timestamp": 1671109036.212074, "_runtime": 195.64577293395996, "_step": 29, "_wandb": {"runtime": 215}}