{"epoch/loss": 0.5386790037155151, "epoch/accuracy": 0.6950092315673828, "epoch/val_loss": 0.5159509181976318, "epoch/val_accuracy": 0.694915235042572, "epoch/epoch": 44, "epoch/learning_rate": 6.560998735949397e-05, "_timestamp": 1671523534.9206824, "_runtime": 279.99422454833984, "_step": 44, "_wandb": {"runtime": 282}}