{"epoch/loss": 4.023594856262207, "epoch/accuracy": 0.6949999928474426, "epoch/epoch": 11, "epoch/learning_rate": 0.0009600000339560211, "_timestamp": 1671110341.4676545, "_runtime": 88.38968443870544, "_step": 11, "_wandb": {"runtime": 87}}